Locutor;Locución;Sarcasmo
archer;No, era por saber si tenía que llevar un saco con el símbolo del dólar;Si
archer;A quién le importa? No, lo pregunto de verdad;No
archer;Pero voy a dar por hecho que ha pedido refuerzos;No
malory;¿Por qué no te callas? Tengo que pensar;No
slater;Sí, sospechábamos un poco;No
kyle;Esto es ridículo. ¿En serio saldrémos a jugar contra los Norths así vestidos?;No
archer;Francamente no;No
ray;David, Key, Keith, Kenny;No
kyle;"""Y si lo llevas a uno de esos lugares de empeño. En cada dos cuadras hay un sujeto con un cartel que dice: """"compramos oro"""". Mucha gente lo hace""";No
archer;No, Lana. ¡qué va!;No
ray;Y como es lógico voy a guardar mi pistol en la caja fuerte hasta que acabe la partida;No
abuelo;Oh, para mí? Oh, dios mío, allí está, el viejo Patches con su caríta de felizidad. Gracias Villy, significa mucho para mí. Villy, esa corbata que usas, no sé de dónde la sacaste pero es supergay;No
stan;Lo siento, mi papá está tomándose el sarcasmobol profesional muy en serio;No
todos;No;No
madre de stan;¿No ves qué este deporte le hizo a su padre? ¿Acaso quieres terminar como él?;No
malory;Estaba allí en el cochecíto, me puse una copa, llamó mi peletero, por cierto, me roba descaradamente. Llamé a la imigración para intentar que le deportaran a su padre. Me puse otra copa, pero no quedaba hielo, así que, ¡ah!;No
animador;Jackson atrapa el balón. Está corriendo por la meta y uuh.;No
animador;El marcador está cero a cero, mientras los Stines avanzan a los Broncos;No
cheryl;¿Dónde está qué? ¿Te han tirado la cadena?;No
cyril;Aha, porque necesitas ayuda con la niña y no quieres llamar a Lana y vienes a pedirnos ayuda;No
archer;Qué?;No
butters;¿Eh?;No
archer;Lana, tranquila, no beberé en tu ausencia y tomo esto muy en serio;No
guardia;Y su identificación, por favor;No
butters;La primera línea cubrirá los huecos. Díle que te gustan sus uniformes. Clyde, Token, abracen a esos jugadores;No
criminal;Por favor, le han disparado;No
cheryl;Pásalo bien y ojalá que sufras de violencia homófoba;No
archer;Sí llevo pipa, hombre no;No
archer;Sí, Lana, en serio. ¿Por qué mi madre no es apta para criar a AJ?;No
slater;Llévanos solo él y prestame una camisa;No
dependiente de oro;Es la mejor, es muy listo. Se aprovecha de mis precios bajos;No
archer;Es que estás de su lado? Ese cabrón ha amenazado a hacer daño a AJ. Que ahora que lo pienso es la culpable de todo esto...;No
randy;Sí, sí, ya nos cansamos de que nuestros niños se golpeen en el campo y se lastimen. Hagámos el sarcasmobol el deporte oficial en todas las escuelas;Si
lana;Eh, ya está bien;No
archer;Me ha puñado literalmente por la espalda;No
archer;Literalmente, por la espalda, puñalada;No
abuelo;Shelly tiene trece? Claro, claro, cielos. Villy, alguna vez te conté que tuve un pastor escocés llamado Paties?;No
lana;¿Para criar a mi hija?;No
stan;Es la misma corbata que tenía el Rey Enrique V;No
randy;Se acabó. Debería irme a casa y olvidarme de lo que este deporte me ha hecho. ¡Que miles de personas juegen el sarcasmobol y terminen como yo!;Si
randy;Vamos gente, veamos a esa regla de las patadas y regresemos al futbol;No
cyril;Así es justo cómo murió Bret;No
criminal;No, mis compañeros lo inventaron para que Slater me llevara a usted y que usted me trajera aquí;No
todos;Sí;No
archer;Te lo dije;No
conway;Y pierde unos kilítos;No
animador;Randy, primero permiteme agradecerte por tomar un juego que amamos y convertirlo en una pesadilla. ¡Muy bien hecho!;No
stan;Cielos, mi abuelo pagó seis mil dólares para algo que casi no tiene valor algúno. Cómo, cómo puede ocurrir algo semejante?;No
archer;Vale;No
archer;Vale, sí, ten cuidado. ;No
cheryl;Y ha venido un tal señor Ley para verla;No
kyle;No te preocupes, tiene que haber otro lugar donde compren oro cerca;No
archer;Al suelo, mire, ¿qué estás? Uy, estaba haciendo un simulacro. Les estaba poniendo en prueba, buen trabajo.;No
cartman;Hagámoslo. Stan, abrochame el sostén;No
lana;Y calla. ¿Y qué operación está llevando a cabo CIA en Argentina?;No
lana;¿Y por qué nosotros? ¿No es mejor que quede en casa en la CIA?;No
sujeto de comprar oro;"""Por qué no les gritan a los encargados de fundir el oro? El refrán hindu dice: """"quien lo fundió, lo generó""""""";No
lana;No, les maquillaron los de la CIA que les queda muy realista;No
conway;Como una mujer despechada, ¿te acuerdas de que te despeché un poco la última vez que nos vimos?;No
cartman;Es cierto;No
criminal;Caray, conduce de puta pena;No
archer;Esta Lana, mira que montar esto solo para que le llamara y pidiera ayuda. Y Slater con sangre falsa. Qué pena da el pobre;No
malory;¿Dónde está?;No
ray;Y bien, qué está pasando allí;No
criminal;Claro que sí. Puedo cogerla?;No
conway;Mmm, pero estás guapa, más relleníta de lo que recuerdo;No
lana;Conway, coge lo que necesites, me figuro que unas pilas nuevas, y vamos a sacarte da aquí.;No
krieger;No, no dispares. Allí está el bebé;No
cheryl;Haber cruzado el río grande?;Si
stan;Sí, aquí hay uno;No
lana;Vagamente. Pero si lo que quieres es venganza, ¿por qué no me matas?;Si
archer;Pero hay otras mesas;No
criminal;Oye, oye, tienes que escuchar, no sé qué pasa aquí, pero tienes que darme la niña.;No
randy;Corten, perdón, voy de nuevo. Intento decir que deberíamos tener diez ligas de sarcasmobol y así todos pueden jugar. ¡Ah, mierda!;Si
criminal;Voy a pedir refuerzos;No
lana;¿Podríamos dejarlo ya, por favor?;No
padre de butters;Oh, bien, Butters. Es la brújula de amistad. Cuando hay amigos tuyos en el área, tu pequeña brújula indica donde están. Apunta hacia arriba, porque Jesús es tu amigo;No
archer;No tengo el urdu tan fresco como pensaba;No
archer;Joder, en fin, dudo que el robot tenga Bourbon y no me aptece tres en uno con cola, al menos que no haya, literalmente, nada más que beber;No
criminal;Eso dije yo;No
randy;A caso no ven. Ya que estamos en esto, deberíamos reemplazar el balón por un globo. Y quién atrape el globo correrá mientras el resto de los jugadores se abrazan;No
slater;En tu casa;No
slater;Esperé que ya haya pasado. Creía que iban a reformar este sitio;No
criminal;Ha contratado a un canguro, hola soy Maní;No
lana;Oh, no porque bastante tenías con tirarte a acero, luego a cristal o;No
criminal;Mucho, venga, ahora meta la secuencia de datos...;No
lana;Me busco a una canguro;No
butters;Chicos, no entiendo el futbol. Por eso, creo que soy mal jugando;No
archer;Después de puñalarme, literalmente, por la espalda;No
criminal;Quiero decir que esa es la única puerta;No
stan;No, en esto no. ¿Qué hay del interior cremoso que nos hablaste? Esa que creemos que llevas dentro y que hace que seamos mejor jugadores del mundo;No
butters;Este gran juego no se basa en jugadas. Se basa en camradería y en la compasión. Y cuando miro en este vestidor, veo algunos de los chicos más amables y compasíbles que he conocido. Tú Ken, eres más amable que cualquiera y Clyde, tú, abrazas mejor que cualquiera en este campo de juego;No
animador;Oh, parece que algunos ex jugadores de NFL están entrando al campo. Está Maritin Gregors por seguridad y el defensor Jim Harrys. Parece que lleva los pantalones en tobillos. Alguién debería avisárselo. Y el excelente Mike Tetfield que parece estar horneando un pastel imaginario;Si
kyle;No, es quien lo negó, lo proveyó;No
ray;Está en la caja fuerte!;No
ray;Qué ha dicho?;No
pam;No me jodas, Mani;No
slater;Te pido que no sigas;No
malory;Oh, por Dios bendíto;No
kenny;Cierrate la boca, eres un idiota;No
conway;Ah, lo siento, da igual;No
randy;Gracias, doctor, muchas gracias;Si
archer;Es un actor?;No
espectador;¡Duro con ellos! ¡Amor con compasión!;Si
butters;Sé positivo, Stan. Chicos, abracense, abracense. ¿Bien, qué está ocurriendo aquí?;No
archer;¿De dónde te sacas las veinte copas?;No
lana;No;No
lana;Por qué iba a traer cerveza?;No
archer;Archerizar este plan;No
stan;Así, claro, como él exagera cada enfermedad que tiene;No
padre de butters;Lo hablarémos cuando crezcas;No
stan;Deberían a avergonzarse por la gente que explotan en nuestro país. Cómo se atreven a aprovecharse de los menos afortunados?;No
abuelo;Oh, parece que te divertiste mucho;No
slater;Eh?;No
dependiente de oro;No, no, no, me jode;No
lana;Mira;No
lana;Archer, cierra el pico. Vas a ponerte bien;No
archer;Y no le hagas daño;No
randy;Stan, Stan;No
cartman;Oh, ah... Tres dólares;No
archer;Te iba a ofrecer una copa, pero solo tengo tequila y licor de café;No
archer;Sí;No
stan;Este juego es estúpido. No tengo ni idea de cómo salir al campo y ser amable con los del otro equipo;No
cartman;No, a ellos les joden las mujeres asiáticas;No
archer;No;No
randy;No entiendo cómo alguien puede jugar a esto con sinceridad;No
cyril;Y yo no lo he visto ni hoy;No
archer;Claro que lo vamos a hablar luego, te lo prometo;No
archer;En mi casa no, y por cierto. Qué hacéis en ella? Y quién es este?;No
archer;Pues, como la vuelvas a asustar, vas a ver cómo te disparan a ti;No
butters;Sí, pero no puedo ser el capitán. Soy malo en todo;No
cyril;Iba a decir excesivo;No
cartman;Durante siglos, los alquimistas han intentado crear la fórmula para crear oro. Quien pudiera crearla se volvería rico. Y ahora esta equación química está frente a sus ojos;No
slater;¿Tenéis el disco?;No
stan;Sí, abuelo;No
archer;Qué tontería de conversación;No
criminal;Se lo diré de todas formas, lo estoy usando para colocar mi programa de espía ultramoderna en la sede de CIA para que la inteligencia paquistaní sepa todo lo que hacen en tiempo real;No
criminal;A mí o a él?;No
archer;Vale, harémos lo siguiente;No
guardia;Por su puesto, coronel Cal.. Espere, Lando Calrissiano;No
animador;El entrenador Martín se acerca para decírselo, pero parece que Jackson cree que está en su auto regresando a casa. Mientras esperamos nos alegra poder recibir el comisionato de NFL, Roger Goodell. Comisionato, mucho aburato para conmociones este año en la NFL. ¿Cómo maneja la liga todo esto?;No
randy;Sí, el otro equipo tenía una delantera tan ofensiva que me asustó mucho;Si
criminal;Buena suerte con las cartas sangrientas;No
archer;No, no podemos. Quiero saber por qué deseas que no sea madre;No
butters;Claro, Eric;No
lana;No se compra, hombre, se;No
archer;Esta vez han podido con el pobre Lando. Estoy acabado;No
stan;Abuelo?;No
pam;¡Eh! ¿Es mucho pedir durante la maldíta jordana laboral dos sesiones de ochenta minutos sin interrupciones para cagar?;No
empresario;Oye, niño, si tienes un problema con el sistema, estás en un lugar equivocado. Aquí solo fundimos lo que nos envían de los lugares de compra de oro;No
conway;No, es.. blindado;No
archer;Ya si estuviera;No
archer;Vale;No
archer;Y sigo sin ver por qué tengo yo que cargar del pibe;No
stan;Lo sé, habría deseado que me hubiera regalado el dinero en vez de esta corbata;No
conway;Pues, sácale los ojos, ¿vale?;No
archer;Ojalá siguiera entre nosotros. Podría haber parado algunas balas. Por Dios! En fin, van ocho incluida la que está en mi hombro, así que;No
cartman;Eso es porque es muy gruño y negativo para creerlo. Necesita una bebida deportiva que eleve sus niveles de humanidad y bondad;No
archer;Cago en la leche. Ray, pistola!;No
lana;Bueno, Conway, ganas este salto;No
pam;Yo soy notaria;No
slater;Por qué...? Da igual;No
randy;Oh, sí soy el que inventó el sarcasmobol. No hay manera de que sepa cómo entrenarlos;Si
abuelo;Ves eso, Villy? Es una esmeralda en oro de cuatorce quilates. Crees que le gustaría algo así a tu hermanita?;No
criminal;Sí ya la tengo. Qué bien!;No
criminal;Esos tíos. Qué imbéciles! No?;No
cheryl;Parece que quiere ocultarlo;No
krieger;Es de Paquistán?;No
malory;Lo dije;No
conway;No me jodas;No
lana;Esta bolsa es de ropa, esa de pañales, en la nevera hay leche materna que excuso de tí;No
lana;Mira;No
conway;Sí, sí, la mamá, no él jodía;No
butters;Y luego cuando intenten agradecernos por los clavos, les decirémos que no se agradezca porque hicimos lo correcto, y luego les sonreirémos;No
sujeto de comprar oro 4;Así es, quien lo rimó, nos timó;No
stan;Tiene idea de como se sentiría comenzar a perder sus recuerdos? No, porque ninguno de sus familiares está sufriendo de alzheimer, pues yo sí;No
archer;Qué? Por qué?;No
lana;Desde luego estás conmocionado;No
pam;Oye, oye, venga, seguro que, esperad, que no has secuestrado al bebé. ¿Pero de verdad en la buena?;No
archer;No señor Archer, ni hablar, no hasta que me lleve a la sede de ISIS para que pueda acceder al ordenador central;No
krieger;Para, estáte quieto, para;No
lana;Vamos a hablar de beber tres litros de mexicanos negors antes de conducir con tu hija y un actuante dentro;No
archer;Detrás de la barra, deja de gritar;No
criminal;No, gracias, no debería;No
conway;¿Y por qué tú y yo no nos líamos la última vez que trabajamos juntos?;No
todos;¡Sterling!;No
conway;Horatio Kane;No
malory;Y yo, pero alguien me traicionó, una aspirante cantante de Country mentirosa;No
conway;¿Su hija es tuya?;No
slater;Es Streling Archer, este es Baruk Ascani;No
pam;En Cánada funciona;No
madre de stan;En serio Randy, creo que este deporte le hizo algo de daño a tu cerebro;No
archer;Muy heróico, lo sé;No
ray;¿Tu sabes cómo eres? Si es alguien de aquí, seré yo;No
archer;Y quítate ese chisme tan ridículo;No
archer;En serio, bueno, como decía;No
krieger;No, esperad, el osíto está por aquí, o estaba. Os juro que… ¿Osíto?;No
vivian;Oooo... No lo recuerdo;No
butters;Y cuando el otro equipo intenta acercarse, tendrémos que hacer un esfuerzo, llegar a nuestro centro cremoso. Es el lugar que tenemos adentro en que se encuentra todo el amor y felizidad que debemos usar para ser los jugadores más amables y compasivos que el mundo haya visto. Y sabrán que no caemos tan fácilmente;No
butters;¿Qué, qué? ¿Oh? ¡Oh! ¡Papá! Volvió a ocurrir. Volvió a salirse mi cremosidad;No
criminal;Vamos es que no va armado, es lo que quiero decir;No
rondie;Caballeros, creo que confunden mi hospitalidad con debilidad. El precio es el precio, si quieren negociar, pueden hacerlo con mis socios;No
malory;Krieger, andabamos allí cuando fui a buscar hielo. Vamos al laboratorio de ese monstruo;No
cartman;¿Butters, tu cremosidad funcionará en otra persona?;No
dependiente de oro;Oro de cuatorce quilates, o sea cuatorce dólares al gramo en el mercado, tenemos unos cuatro grámos. Esto es una pérdida de tiempo. Puedo ofrecerte un burrito de seis capas por esto;No
randy;Lucen bien muchachos. ¡A patear culos!;Si
archer;¿Y cuándo? ¿Por qué no quieres hablar de ello, Lana?;No
archer;Estáis jugando al strip poker?;No
lana;¡Eh!;No
ray;Y por lo visto le va muy bien;No
cartman;Un momento, cuánto pagó por estas joyas?;No
cheryl;Haber lo dicho antes;No
lana;Porque estaré sin móvil, así que si ves que no eres capaz de ;No
animador;Bien amigos, estamos a la mitade de nuestra transmisión de hoy. Quieren aprovechar las ofertas? Llamen ya!;No
los dos;¡Dícelo a él!;No
cyril;Qué?;No
malory;El señor Slater;No
lana;¿Un poco? Nos mandaste a un… espera, nos seguiste hasta aquí;No
archer;Vaya, igual de ridículo;No
ray;Rondie, era el que estaba pensando;No
cheryl;Mal y en exceso;No
animador;Y con eso los Browns están listos para batir el balón contra los Broncos;No
archer;Ahora soy un verbo, Lana. Acepta la idea. Y de paso, cúbreme por favor;No
randy;Gente, escuchen todos. Hay algo que deben saber acerca del sarcasmobol, es un juego totalmente seguro, sí super seguro, es tan seguro que cada niño de país debería jugarlo;Si
criminal;Se ha ido?;No
slater;Pues, venga, subid atrás. Tengo un avión esperando;No
cyril;Pues ahora que lo dices, sí se le veía un poco nervioso;No
slater;Sí, Conway Stern. ¿Preguntas?;No
criminal;Pero creía que era algo racista;No
randy;Fue bueno, Payton, pero hay que mejorar;No
conway;¿De dónde? ¿Del coño de tu madre?;Si
archer;¿Cómo los llamas?;No
cyril;Tendríamos que habernos ido antes;No
cyril;No es el sueño improvisable?;No
todos;¡Conway Stern!;No
malory;Que las masticaras primero y se las escupieras en la boca;No
archer;Y ya estoy haciendo de canguro de que claramente sí es un bebé;No
archer;Porque es dónde se producen 80 % de los accidentes domésticos;No
cheryl;Creía que era la cuija;No
archer;Verás Slater. Cuando unos papás se quieren mucho...;Si
slater;Tecnología falsa que queríamos que China tuviera. Llevan años estudiando el propulsor de antimatéria;No
todos;Sí;No
lana;Eres un traidor, hijo de puta;No
archer;Pero te lo dije por tu bien;No
lana;A ti, te he quitado un punto porque Pam estaba dando a AJ salchichas para comer;No
criminal;Perdón es que he visto cómo dispararon a un tío;No
archer;No sé que le ocurrió, en fin, venimos a buscar unas cosas de la niña. Así que vamos a cogerlas. Maní?;No
malory;En los cojínes de sofá no he estado;No
animador;Y aquí están las maldítas animadoras de Denver;No
lana;De quién es esa pistola?;No
lana;No está mal te voy a poner un siete;No
criminal;Yo creo que lo he bordado;No
archer;Recordadme que si ese desgraciado no os mata a todos, lo haga yo;No
krieger;Pero;No
butters;Mi salchicha está dura como una flecha;No
criminal;Además dudo que hable mucho cuando le haya pegado un tiro en la cara;No
randy;Rayos, esto es genial, mi semana acaba de mejora mucho;No
randy;Oh, les encantará. Un deporte en donde solo importa la seguridad. ¿Por qué no le llamamos sarcasmobol?;No
pam;Y Woodhouse?;No
archer;¿Cómo es que sigues teniendo dos manos? ¡Hijo de puta!;No
kyle;Pero el gran juego contra ? este sábado;No
pam;Con usted, cuesta distinguir;No
lana;Espera, ¿Argentina no es un aliado nuestro?;No
krieger;Vale, os voy a explicar todo eso;No
malory;Por favor, es un esqueleto de bebé;No
archer;Idiotas, hijos de puta, conmigo está el presidente de Brasil y su esposa. Y mirad, aquí, sucia, sucia. Toda, todas las armas al suelo;No
lana;Hay que ver, qué generoso;Si
stan;No estamos siendo sarcásticos papá. ¿Es tan difícil creer que realmente disfrutamos de un juego sin violencia? ¿Te cuesta tanto creer que cuando Butters dice que la competitividad no puede estar compasiva, está siendo sincero?;No
randy;Perdón, perdón, momento, no debo ser sarcástico. Volveré a intentar. Escuchen todos, si permiten que sus hijos jueguen a sarcasmobol, son unos genios.;Si
jugador;¿Practicar un lunes? ¡Justo lo que yo quería hacer!;No
malory;Lana, supongo que era una analogía deportiva para hacernos de menos, pero aceptamos la misión. ¿Verdad Sterling?;No
slater;Y por qué tienes el botiquín en la barra;No
lana;Romperé el cristal;No
cartman;Amigo, es supergay;No
butters;Es cierto, Eric me dice que debería ser una mujer por lo malo que soy;No
stan;Alguien está en la cabeza de todo esto y alguien tiene que pagar. Solo estoy pidiendo una maldita retribución para mi maldito abuelo;No
archer;Literalmente;No
archer;Me figuro que mientras te mato a golpes literalmente, espera, sí literalmente, la mano gicante cambiará mi selector de medio cañero a mega cañero;No
archer;Pues claro, es un cíborg, seguro que la clave era...;No
lana;¿Hablando de qué?;No
lana;Joder, Archer;No
cheryl;De verdad en la buena;No
lana;¿Y no crees que parecemos récien salidos de un culebrón brasileño?;No
slater;Mejor me voy;No
cyril;¿Cómo se pierde un bebé?;No
archer;Por Dios, pibe, ya te oigo;No
stan;Cartman, eres idiota;No
dependiente de oro;Qué esmeralda le gusta;No
animador;Vivian, acabas de conseguir un regalo. Cómo es tu apellido, corazón?;No
dependiente de oro;De acuerdo, de siete capas, pero esto es mi mejor oferta;No
lana;Eso no es excusa... Espera esa es tu excusa?;No
archer;¿Más jóven?;No
anuncio;Busca ya una botella de la cremosidad de Butters;No
archer;¿Por qué no te callas?;No
archer;Dónde se comprará la leche materna?;No
archer;Y no es lo que quiero decir yo;No
criminal;Eres él que está desangrando;No
criminal;Es viernes por la noche. Por qué coño hay gente aqui todavía?;No
malory;Cyril, ponle a cría salvo;No
lana;Bueno, yo lo llamaría un éxito relativo;No
niño;Entonces, llamemos a ? para decirles que nos retiramos;No
malory;Idiota, todavía no come sólidos!;No
conway;No Kane con K sino;No
archer;Cómo dices?;No
malory;De la pequeña J, ha desaparecido;No
malory;¿Hmmm? ¡Oh!;No
malory;Sí, es muchísimo pedir;No
randy;Ah, bien hecho, árbitros del juego;Si
slater;Porque resulta que conocéis a la gente en cuestión. ¿Eh, le importa?;No
kyle;Y qué significa;No
lana;¿Qué misión? ¿Vender tecnología militar confidencial a los chinos?;Si
archer;Sí, Lana, ahora si tú me disculpas necesito atención médica con bastante urgencia, por tu culpa;No
butters;Estaba teniendo un sueño feliz con una chica y…;No
butters;Cuarenta y dos, rojo trece, pensamientos felices, felices para todos;No
rodger goodell;Como comisionado de NFL, me entusiasma ver que la joventud de nuestro país acepta el sarcasmobol sobre el futbol tradicional. ¿Pero, por qué detenernos allí? Como futbol es de bárbaros, nosotros deberíamos cambiar también. Le demos la bienvenida al nuevo entrenador de Broncos de Denver, Randy Marsh. Felicitaciones Marsh, buen trabajo;No
archer;¿Bien, qué haces aquí para empezar?;No
butters;Eh, oigan. No puedo creer lo que oigo. Practicamos y preparamos para este juego y quieren rendirse.;No
lana;Porque sí, imbécil, resumiendo nos has cerrado en la limusina de las narices;No
lana;Por lo menos Woodhouse, sí;No
criminal;Por qué me pegas?;No
dependiente de oro;Muy buen negocio. Es muy listo;No
archer;Oye, lo de la mamada;No
malory;Sea cuál sea la misión, ISIS está a la altura. Somos profesionales y;No
archer;Cállate, vosotros sacad a AJ y dejadme a mí el resto;No
slater;¿Que tenéis el disco?;No
archer;Vale;No
randy;¿Ah?;No
todos;Quién?;No
butters;Bien, Eric. Ya te dije que todos tenemos un interior cremoso de donde provienen todos los sentimientos de compasión y felicidad. ¿Tu papá nunca te lo dijo?;No
archer;Porque no quieres que beba licores;No
stan;No le gustan las joyas, abuelo;No
lana;¿Y no es porque te gusta llevar ese bigotón cutre?;No
archer;A ver, es que se lo voy a explicar;No
randy;Sube al auto, Stan. Nos vamos a la casa;No
pam;Á mí no me grite que no la he perdido. Intente volver sobre sus patos;No
archer;Seguro que no cuentan que también cambio pañales, así que...;No
slater;De acuerdo, pero porque yo quiero. Uno de nuestros, pues supongo que podemos llamarlos freelance.;No
las dos;¡Por Dios!;No
lana;Cago en la leche que no te voy a hacer una mamada;No
ray;Tengo tres en la saca, necesito cuatrao para el finde, me voy a Gaylandia;No
slater;Archer;No
randy;¿Cómo va todo? ¡Increíble! Nadie sale lastimado, los niños están aprendiendo lecciones valiosas sobre abrazos y seguridad, porque de eso se trata el mundo;Si
cartman;Sucios hijos de puta traicioneros. Quieren dejarme fuera?  Me robaron la fórmula y luego intentaron joderme. Butters!;No
archer;Por qué has hecho esto?;No
cheryl;El mexicano negro;No
cartman;No tengo papá;No
randy;Sí, es increíble estar en tu programa;No
pam;Así que haces improvisaciones;No
lana;Y si les pasa algo a ellos, viviría con mi hermana;No
archer;Pero cómo sabían dónde? Por Dios, habrá un topo en la CIA?;No
lana;A él, Slater dice que has estado genial;No
criminal;Porque así lo siguiente será mucho más fácil, bueno para mí;No
slater;Me voy;No
stan;Lo siento chicos, mi papá dice que está muy ocupado con los Broncos, no tiene tiempo;No
archer;Uno de los dos debería;No
archer;Coño;No
sujeto de comprar oro 2;Lo han entendido mal. Las joyas que venden en eso canales ni siquiera son las nuestras. Son de la India, del mismo lugar de qué proviene sus refranes;No
niño;Hola, cuánto me ofrecerías por esto?;No
lana;Pero cuando veas que no. Cállate! Esto es el número de centro de CIA de un empleado que vendrá a avisarme;No
archer;Aunque disfrutar no sea literalmente;No
padre de butters;¿Qué?;No
cartman;¿Sí, Saben qué? ¡Al carajo!;No
archer;Tienes razón. A lo mejor así te liberas de tu energía nagativa;No
krieger;Ya gracias, señor craqueoso;Si
malory;¿Y por qué, por qué la tienes tú?;No
cyril;Archer, eso es ;No
archer;Qué? Creía que significaba lo siento. Se ve que por eso aquella noche en el burdel de carrachi pasó de repente de malísima a mucho peor;Si
slater;Solo Slater;No
pam;No, es que aquí hace un calor de cojones;No
principal;De acuerdo;No
malory;Por favor, no se les pueda contar nada;No
stan;No?;No
randy;Eso es;No
criminal;A sí, eso tiene más sentido;No
lana;¿El qué da igual?;No
slater;Y cien grandes;No
archer;Cómo que no? Y se ve que es una bromista, pero le aseguro señor Archer, que todo esto es muy real;No
archer;Bueno, conmigo está el presidente de Brasil y su esposa grande;No
archer;Ahora se lo voy a decir a CIA y encontrarán el programa espía;No
krieger;No;No
cheryl;Creía que era en tono irónico;No
archer;No;No
malory;Bien dicho;No
lana;No, no, no puedes hacerte verbo, no te lo consiento;No
randy;Claro, le hizo algo a mi cerebro y ahora no puedo parar de ser sarcástico;Si
criminal;Y de dónde viene lo de piso franco, verdad? Tendrían que llamarlos pisos sin nombre. Pero aquí estoy a salvo, no?;No
archer;Hmm… vale, pero luego seguimos mi plan;No
malory;Y como le hayas tocado un solo pelo en su cabecíta castaña, te voy a;No
slater;Sí, ese Ley te da secas, una sola palabra y…;No
criminal;Cómo?;No
slater;Es Slater a secas y esperé. ¿Perdona, vamos a tener un problema tú y yo?;No
pam;Cago en la leche;No
lana;¿Y eso?;No
archer;Fue a apuntado con la pistola;No
archer;¿Tienes una hermana?;No
ray;La madre que te parió;No
criminal;A dónde creía que va? ;No
krieger;Espera, sí, literalmente;No
stan;No te preocupes, abuelo, yo me encragaré de esto;No
archer;Qué?;No
principal;¿Cómo va todo, entrenador?;No
lana;Para mí que fue Krieger;No
randy;Sí, sí, hagámos esto, la economía está en excusado, se acerca una elección importante, pero la prioridad de este país debe ser que el futbol sea más seguro;Si
cartman;Mis bolas, mis bolas, chúpalas;No
butters;Bien, papá. Lo guardaré para después.;No
criminal;Ya pero;No
guardia;Su identificación, coronel;No
criminal;Espere, espere;No
archer;Oh, por un momento creía que eráis Lana;No
médico;No se puede, lo siento, no hay investigaciones que determinen los efectos del sarcasmo al cerebro;No
médico;¿Sabe qué? Tengo un paciente de cincuenta años con alzheimer esperándome que no recuerda ni a su familia. Olvidémonos de él y concentrémonos en los supuestos efectos del sarcasmobol en el cerebro;Si
slater;Venga, Archer, 24 horas;No
cartman;Y ese brazaleta de tanzanita nueve noventa y cinco;No
stan;Ustedes son la escoria del mundo! Los ancianos son víctimas de canales de venta y ustedes descansan en sus mansiones y ganan billones!;Si
cyril;Nos vamos ya?;No
slater;Ni que te llamen a jugar en primera división jugando en la tercera;No
archer;Y el pago será?;No
malory;Y Krieger, te juro por tu madre, como vuelva a pillarte cerca de la niña;No
archer;Lo siento, no quiero confundirme;No
kyle;Esa es la equación para crear el oro?;Si
cartman;Puede ser. Necesitaré collares de oro, brazaletes de diamantes, y de esmeraldas;No
archer;Sabías que mentía;No
conway;Pues, tú sabrás;No
dependiente de oro;Son diamantes genuinos, verdad?;No
kyle;¿Eh, cómo es que no tenemos un entrenador?;No
butters;¡Muy bien! Disculpe, perdón. Ustedes lucen geniales. ¡Wow, este juego es genial!;No
archer;No, Lana. Mirad, como tenga que parar, nos van a matar a todos, así que;No
niño;Ya tenemos joyas de porquería. Ahora nos queda buscar ancianos;No
randy;Aubuelo, cuánto gastaste en eso?;No
criminal;Sobre todo hago improvisaciones;No
todos;Muy buenas;No
dependiente de oro;Muy buena elección. Es muy hermosa, miren es muy hermosa;No
stan;Sí amigo, es una réplica de la corbata del Rey Enrique V;No
archer;Cállaos los dos. Por qué aviso a navegantes? Esto es un bebé;No
randy;Oh, sí, porque tengo mucho tiempo para eso, Sharon. De hecho por qué no preparas una cena de cuatro platos para todos, mejor una cena de siete platos.;No
pam;Eres un monstruo;No
archer;Es broma, son sus tres días libres anuales. Suelen ser dos, pero le he dejado recuperar uno del año pasado;No
randy;Oh, sí, buena esa;Si
randy;Bien, aquí vamos. Miren como van a patear. Las jugadas especiales son las más importantes;No
animador;No lo recuerdas? Pero recuerdas el número de tu tarjeta de crédito?;No
dependiente de oro;Nueve dólares;No
periodista;Entrenador, victoria de tres a cero sobre los Stillers, se debe sentir un ganador;No
malory;¿La ibas a convertir en un robot?;No
slater;Vale te llamo cuando resuelven lo del topo para que lo lleves al nuevo piso franco;No
mr. mackey;Eh, salgan del campo, m'kay;No
lana;¿Te puñalara por la espalda, no harás ninguna tontería en plan de venganza cuando abra la puerta?;No
butters;No Eric, eres un jugador genial;No
cheryl;No soy abogada laboralista, pero;No
malory;¡Te voy a matar!;No
stan;Tiene razón, chicos, a partir de ahora eres el capitán Butters. ¡Llévanos a la victoria!;No
lana;Uh;No
archer;Está claro que él cree tener un plan así que, pues, venga ¡qué hable!;No
animador;Espera Vivian, te comunicamos con un representante y saludarás a él. Gracias por comprar con nosotros y felicitaciones por estos aretes faux de cuatorce quilates. A ese precio fue prácticamente un robo;No
archer;Coronel Calrissiano, si no te importa;No
criminal;Perdón?;No
butters;Mi cremosidad no sale todas las noches, pero va seguro de estar abastecido;No
stan;Entonces, fuimos a la India, que es hermosa, creo, nunca había ido. Y aprendimos que quien lo fundió, lo negó, lo rimó y de hecho lo proveyó;No
médico;Lo siento, señor Marsh, pero parece que hay un daño permanente;No
kyle;Nosotros ya no pateamos más;No
slater;Bueno, no vamos a poner un par de novatos sin experiencia en la lineación inicial de la amenaza…;No
ray;Pero, oiga, ¿son necesarias las armas? Lo pregunto totalmente en serio;Si
archer;Sí, tengo literalment miles de armas;No
archer;Y hablando de… cago la leche;No
randy;Papá, no deberías gastar el dinero de tu jubilación en frivolidades. Deberías guardarlo para cuando te mueras y ese dinero es nuestro;No
cilo;Amo el sarcasmobol. Es mucho mejor que el futbol. Me alegra que no haya violencia en los deportes. Y el sarcasmobol es más divertido para ver;Si
lana;De verdad?;No
archer;No, no para nada;No
animador;Mali tiene el globo. Está deciendo cosas muy lindas sobre el otro equipo. Malin se encuentra con G Woodly. Le entrega el globo a Woodly. El árbitro se acerca. El árbitro decide que es una notación. Espera, ahora se acerca otro árbitro y señala que es un punto en contra;Si
dependiente de oro;Qué buen ojo! Es muy listo! Se aprovecha de mí, le gusta joder a mujeres asiáticas?;No
conway;Lo iba a hacer, pero mujer, no soy un monstruo. Has sido madre;No
lana;¡Cállate! Conway era un traidor. Iba a vender el disco a los rusos;No
vivian;Eh 37 15;No
archer;No me jodas, Cyril!;No
archer;Sí es lo más lógico, claro, aunque seguro que son muy viejos;No
archer;Así, básicamente lo más cañero;No
lana;Oh, sí Archer, tengo una hermana;No
cartman;Ese niño nos quiere provocar. Dice cosas feas para que nos enojemos;No
rodger goodell;¡Bien hecho!;Si
malory;Una importante misión para ISIS que podemos. Enfestar de un chupe para hacer carambola;No
malory;Pero, qué te pasa?;No
kyle;Qué está haciendo?;No
archer;Ya, hola. Un mexicano negro?;No
archer;Krieger, los conductos de aire siguen con gas nervioso?;No
lana;¿Entonces, el plan de Conway no te parece innecesariamente complicado?;No
stan;Sí, no me gusta que se aprovechen de mí;No
todos;Sí;No
archer;Sí lo soy;No
jugador;¿Practicar un lunes luego de una victoria? ¡Genial!;Si
archer;Vamos a ver Baruk, no sé lo que se cuenta por allí, pero las barbaridades que hayas oído que he hecho, realmente te falta el contexto, porque prácticamente en toda mi vida, prácticamente hasta ahora mismo he sido más bien un medio cañero. Pero eso era antes, antes de que tuviera una hija, una hija que has amenazado...;No
cyril;Joder y qué hacemos?;No
abuelo;Amaba ese perro, me hico muy feliz siempre. Cuando murió no quise ponerme demasiado triste, porque pensé que siempre me quedaría el recuerdo de su caríta alegre. Yo no recuerdo cómo era su cara, Villy;No
archer;Todo tiene su lógica;No
stan;Quiero saber cuánto ofrece por esta corbata de oro y diamantes;No
randy;¡Sí, Sí, wohoo!;No
krieger;Esperad. No os ha parecido Archer un poco asustado?;No
archer;Bueno, de allí vamos, Conway, procura parecerse presidencia. Y Lana que parezcas eso, una señora, lo has gordado;No
archer;Tranquilo. No, joder, no tengo testamento;No
cartman;Me duelen los brazos... Levanta el puto cartél, esto es un negocio;No
kyle;No podemos;No
malory;Y ya que eres la única de aquí que odia a los niños;No
butters;¿Qué es sarcasmo y qué es esperma?;No
archer;Marchando una empanada familiar;No
las dos;¿La cabeza de quién?;No
archer;Lana, véte, AJ está en buenas manos. Sé lo que hago, he leído diez libros del club de las canguros;No
archer;Baruk?;No
krieger;Oblígame!;No
malory;Sterling, el señor;No
cyril;Ray. ¿Lo ves?;No
lana;Lando;No
slater;En fin, hasta que encuentren el topo y lo saquen, necesito que hagas canguro;No
archer;Seguro que sí, en algún momento, pero;No
archer;Qué coño pasa aquí?;No
randy;Vamos, dense palmadas en las espaldas;No
todos;Sí;No
animador;Bienvenidos a Rome, donde hablamos de sarcasmobol. No puedo esperar. No puedo esperar para hablar de sarcasmobol porque es tan interesante. Me acompaña el entrenador de los Broncos de Denver e inventor de sarcasmobol, Randy Marsh. Gracias por estar aquí Randy, estoy feliz de que estés en el programa.;Si
lana;Cómo, dónde está?;No
archer;Sí, pero dudo que;No
archer;No hasta que me tome este batido de mate y caña con una nube de tres en uno;No
archer;Un momento, dame eso, a mi señal me pondré a tío. Vosotros idiotas salid corriendo y buscad a Pam y AJ y ponedlas a salvo antes de que lleguen más jilibollas;No
lana;Oye, no te preocupes por AJ, ¿vale?;No
criminal;De mi primo, la que me diste no daba pego, y pensé que con una de verdad me metería más en el papel;No
archer;Para empezar, me ha disparado dos veces;No
conway;Es un archivo informático con la identidad verdadera de todos los agentes de CIA que operan en el centro de Sudamérica. Argentina lo usa para presionar y amenazar a contárselo a los rusos;No
archer;Y vosotros estabáis conchabados?;No
pam;No deberías qué?;No
mr. mackey;Sí, decidíamos que sin las patadas por la preocupación creciente de las conmociones, m'kay;No
rodger goodell;Bien. Ciertamente existen muchas estadísticas interesantes, Dan. Y estamos muy preocupados y esperando a ver si existe una relación directa entre futból y los traumas de cráneo;Si
archer;Oh, por favor, sabemos que es Buenos Aires;No
archer;No, en serio;Si
archer;Así mejor, que hay un bebé;No
malory;Está aquí, cabeza hueca;No
stan;Pero como puede salirse con la suya;No
criminal;Todavía tengo pistola;No
slater;Por transferencia, algún problema?;No
cyril;Vamos, básicamente si no os matáis unos a otros, es por falta de armas de fuego;No
archer;Eh, qué va! Solo esa frase!;No
archer;¿Lo dices en serio?;No
cyril;...Hay que fastidiarse;No
archer;Yo he bordado;No
archer;Ya os tendríais que haber ido, pero supongo que ya es tarde, así que...;No
empresario;"""Nosotros no somos los que negamos el verdadero valor de sus joyas, el refrán hindu en realidad dice """"mai pai pachata hai""""""";No
dependiente de oro;Bien, ocho dólares;No
lana;No, no, me refiero a armas de fuego, por ejemplo. Están bien guardadas?;No
lana;Se me ocurren unas cuántas más;No
butters;Me duelen los brazos;No
butters;Cielos, no sé, compañeros.;No
krieger;Me encantan las noches de poker;No
pam;Espera, qué hago? La azotea es el primer sitio donde buscarán;No
archer;A tu ridículo, qué es un tipi?;No
krieger;Y literalmente;No
cyril;Venga, no podemos tener una noche de poker sin violencia?;No
animador;Sí eso tiene mucho sentido, porque desde su promoción en el año 2006 ni siquiera tiene licencia para conducir;No
stan;Genial, no volveré a usarla;No
lana;Y dos de diez, porque eres un jilibollas de marca mayor;No
lana;¿Qué?;No
lana;¿Y puedes prometer que aunque Conway?;No
eric;Es cierto, Butters;No
archer;Sí;No
lana;¿Qué información? Slater dijo que te sacará;No
archer;Entonces, en la CIA, no hay ningún topo;No
archer;Lana, Lana, ¿es que tienes envidia de que soy un vergón?;Si
cartman;Esas corbatas están de moda, tiene suerte de tenerla;No
pam;Voy a darle yo violencia homófoba;No
stan;Butters, eres malo en todos los deportes;No
cartman;Qué dijo?;No
lana;Oh, pues, no te habría visto sopearte veinte copas y no haría falta para que te meneara;No
archer;Sí, idiota y también varias balas;No
malory;Lo sabía, en el fondo de mi corazón, sabía que era de los buenos;Si
pam;Méxicano negro?;No
archer;¿Quién eres? Eh espera, no recuerdo;No
stan;Sí puede hacerle pruebas;No
lana;Archer, hablo en serio;No
archer;Racista serás tú en todo caso si mexicano o negro te parecen insultos. De hecho, mi hija es multiracial;No
espectador;¡Wohoo! ¡Bien hecho, Cilo! ¡Es bueno verte en televisión!;Si
randy;Sí, me gustaría hablar sobre esta nueva regla que en el futbol prohibe las patadas;No
periodista;Creo, lo averiguarémos el domingo;No
criminal;Porcuro que no haya sorpresas;No
criminal;Estoy cargando;No
randy;Sí;No
cheryl;Porque te voy a molar los sesos en las escaleras de color;No
criminal;Eso es muy cañero;No
lana;La casa es segura para bebés?;No
niño;Sí, necesitamos más de tu jugo, Butters;No
cartman;"""Así es, los sujetes con carteles """"compramos oro"""" compran sus joyas de porquería. Sumamos con las canales de ventas y los dividimos por los viejos de mente, tenemos oro""";No
criminal;Solo es una de las muchísimas otras cosas que podría estar haciendo;No
archer;Sí o en un motél o en un váter por...;Si
pam;Eso pensaba si se lo adreza a quienquiera que lo haya preguntado;No
conway;Sí claro, y más después de las malpinas.;Si
archer;Ni tú. Me de igual que seaís el presidente y la primera dama de Brasilia de visita en América de buena voluntad para los sedes de los servicios de la inteligencia. El coronel Lando de las fuerzas especiales no trabaja para tí.  Aunque, la tapadera, la has clavado;No
madre de stan;Oh, Randy, está ocurriendo;No
stan;Ya no es una beba, abuelo, tiene trece;No
slater;Es que quieres cabrearme?;No
conway;El servidor está en una cámara acorazada y reforzada con acceso mediante una tarjeta y escáneo de retina, en el último piso del sede del servicio de inteligencia, que está fuertemente custodiada por todos sus puntos por fuerzas especiales con órdenes de disparar a matar a toda persona no autorizada.;No
butters;Señor Marsh, escuche, sé que se preocupa por su hijo, pero es un tremendo jugador. Hace buenas cosquillas, se ríe y tiene buen carácter;No
archer;Han montado todo esto? Que me dispararan, que le dispararan a Slater?;No
archer;Un aplauso para el pibe;No
abuelo;Es un buena idea;No
lana;Archer, no vayas como loco. ¿Qué coños estás haciendo?;No
principal;Antes de comenzar esta reunión de padres y maestros. ¿Alguién tiene un asunto pendiente?;No
lana;Acabo de hacer. A ver dónde está y cuál es la información;No
krieger;Esta es la vieja;No
randy;Sí lo pienso realmente. Ayúdame, Sharon, ayúdame;Si
stan;Y, pues existe un refrán hindu que dice, quien lo fundió, lo generó;No
stan;No, es un regalo que me dio mi abuelo, pero es tan costoso que me siento mal aceptarlo. Prefiero efectivo;No
mr. mackey;M'key, ¿le gustaría ser el entrenador de sarcasmobol de South Park?;No
archer;No estamos en el mismo bando?;No
randy;Sí, no, no. Bien hecho por usted;No
todos;Cómo dices?;No
animador;¿Es futbol seguro para sus hijos? Un padre preocupado, Randy Marsh, dice que no. Comenzó un movimiento para reformar el deporte y ya tiene cientos de seguidores.;No
animador;Lo cierto es que el juego es muy emocionante. Y un juego emocionante que terminó en cero a cero es un juego que quiero ver dos veces. Es un juego que quiero ver cuatro veces. Oye esto, quiero ver este juego cinco veces. Buena suerte el domingo. Seguro que será otro juego que querré ver dos veces. Oye esto, trece veces;Si
conway;Ya sabía que el pelo de ese le haría pasar por latino para colarnos dentro;No
ray;Pero bueno;No
profesor;¿Sostenes?;No
kyle;Rayos, esto es terríble;No
slater;En fin, lo llevaba un piso Franco de la CIA, pero nos estaba esperando varios de sus ex compañeros y he tenido que salir a tiros;No
lana;Espera, ¿ya te sabía la clave?;No
butters;No sé, nunca me había puesto en pensarlo;No
conway;Sí, hombre, todos lo veímos venir. ¡Suéltalas!;No
cheryl;¿Se refiere a mí?;No
cyril;Cuando cerramos, aquel tipo;No
archer;Desintoxicándose;Si
lana;O si por nos lo vuelve a jugar;No
malory;¿A quién iban a elegir si no?;No
archer;Y yo voto por madre y Woodhouse;No
archer;Nuestra hija, Lana;No
madre de stan;¿Randy, te lo piensas?;No
cartman;Estoy en el negocio de reventa, pero no consigo suficientes joyas de la gente, así que quiero comprar las suyas;No
cyril;Claro, él que fuma junto a la niña;Si
abuelo;Oy, es maravilloso, eso me pondría muy contento. Quiénes están?;No
cartman;No sé, creo que llevaría esa de allí;No
sharon;Es una hermosura, papá, gracias. Oy, mañana les toman los fotos escolares, también puede usarla;No
dependiente de oro;Bienvenidos a Tac Bell, les gustan nuestros doritos locos tacos?;No
archer;Uno, eran botellitas y dos me refiero a AJ. ¿Quién la va a cuidar si nos pasa algo a los dos?;No
archer;Te han puesto una mamada, ¿a qué sí? Y madre, Slater y CIA son idiotas por confiar en él. Pero me refería a volar en el mismo avión, Lana. Y si se llega a estrella;No
empresario;Quien lo negó, lo proveyó;No
criminal;Ah;No
malory;Y los demás, no veo la necesidad de contarle a Lana lo sucedido. ¿Entendido?;No
animador;Bienvenidos al juego inaugural la liga nacional de sarcasmobol. Hoy tendrémos el enfrentamiento entre los Broncos de Denver y los Riders de Oakland. ;No
conway;En el skymal;Si
criminal;Solo ese;No
randy;Mi hijo está jugando a ese juego ahora. Me alegra el corazón ver como usted se preocupa por su seguridad;Si
criminal;Y haberle contado lo que estoy haciendo ha sido claramente para despistar. Vale?;No
archer;Cuando nos pidió que vinieramos a rescatarte;No
padre de butters;Oh, bien. Está bien Butters. Recuerda lo que hablamos. A veces nuestro relleno cremoso de felicidad crece de noche y se rebalsa;No
madre de stan;¿Randy, no vas a acompañar tu familia en la cena?;No
cartman;¡A la mierda, creo que sí!;No
lana;¿Lo dices porque tienes hambre?;Si
cartman;Hola, Craig, como estás? Token apuesto que tu mamá tiene joyas que no le extrañará perder. Bebe, te ofrezco algo para tus diamantes falsos de tus aretes. Quizá pueda darte... Butters, qué carajos!;No
principal;¿Entonces, está féliz por todos esos cambios?;No
slater;Pero luego le rancasteis la mano, así que;No
cartman;¿Quién lo necesita? Tenemos a Butters;No
dependiente de oro;Pagué miles, y usted me jode;No
lana;Archer;No
archer;La virgen. ¿No escansará hasta que estemos todos esclavizados por SkyNet?;No
archer;Lana;No
animador;Demostrando lo que un padre preocupado puede lograr, Marsh terminó hablando frente de los líderes de Washington;No
kyle;Sí;No
malory;Pues, yo, como es lógico;No
archer;Hmm… Voy a decir: '¡No!' ¡Venganza!;No
cheryl;En Cánada no funciona nada;No
niño;No tenemos entrenador, Kyle;No
animador;Sí, no estoy seguro de que sea un pastel o quizá un pan. Pero definitivamente cree que está horneando algo;No
lana;No te queda azúcar;No
lana;Ya que estás aquí, ¿por qué no nos cuentas cuál es la misión?;No
pam;Y eso es algo muy sagrado para nosotras así que ¿le ayudarémos a buscar a la pequeña J? En unos cin… quince o cuarenta minutos;No
pam;No eran sólidas;No
dependiente de oro;Sí, pero los diamantes no me sirven para nada. Tendría que enviarlo a un fundidor que se ocupe de fundir el oro y quizás yo gane unos diez dólares;No
animador;Estó tendrá que resolverlo el grupo fuera del campo;No
criminal;Porque menudo imbécil, verdad?;No
butters;Como yo;No
archer;Sí;No
